assessment_name,url,remote_support,adaptive_support,duration,test_type,description
Verify G+ (Interactive),https://www.shl.com/solutions/products/assessments/verify-g-interactive/,Yes,Yes,36,Cognitive,"Adaptive general ability test combining numerical, verbal, and inductive reasoning."
Verify Interactive - Numerical Reasoning,https://www.shl.com/solutions/products/assessments/verify-interactive-numerical-reasoning/,Yes,Yes,17,Cognitive,Measures ability to make correct decisions or inferences from numerical data.
Verify Interactive - Verbal Reasoning,https://www.shl.com/solutions/products/assessments/verify-interactive-verbal-reasoning/,Yes,Yes,17,Cognitive,Assesses ability to evaluate the logic of written information.
Verify Interactive - Inductive Reasoning,https://www.shl.com/solutions/products/assessments/verify-interactive-inductive-reasoning/,Yes,Yes,24,Cognitive,Measures the ability to draw inferences and understand relationships between concepts.
Verify Interactive - Deductive Reasoning,https://www.shl.com/solutions/products/assessments/verify-interactive-deductive-reasoning/,Yes,Yes,20,Cognitive,Evaluates the ability to draw logical conclusions from provided information.
Verify Interactive - Checking,https://www.shl.com/solutions/products/assessments/verify-interactive-checking/,Yes,Yes,8,Cognitive,Assesses the ability to check and compare information quickly and accurately.
Verify Interactive - Calculation,https://www.shl.com/solutions/products/assessments/verify-interactive-calculation/,Yes,Yes,10,Cognitive,Tests basic arithmetic and mathematical calculation speed and accuracy.
Verify Numerical Reasoning,https://www.shl.com/solutions/products/assessments/verify-numerical-reasoning/,Yes,No,25,Cognitive,Non-adaptive numerical reasoning test for graduate and professional roles.
Verify Verbal Reasoning,https://www.shl.com/solutions/products/assessments/verify-verbal-reasoning/,Yes,No,19,Cognitive,Non-adaptive verbal reasoning test evaluating comprehension and logic of text.
Verify Inductive Reasoning,https://www.shl.com/solutions/products/assessments/verify-inductive-reasoning/,Yes,No,24,Cognitive,Measures conceptual and analytical thinking through abstract patterns.
Graduate Numerical Reasoning,https://www.shl.com/solutions/products/assessments/graduate-numerical-reasoning/,Yes,No,25,Cognitive,Numerical reasoning assessment designed for graduate-level recruitment.
Graduate Verbal Reasoning,https://www.shl.com/solutions/products/assessments/graduate-verbal-reasoning/,Yes,No,30,Cognitive,Verbal reasoning assessment designed for graduate-level recruitment.
Graduate Inductive Reasoning,https://www.shl.com/solutions/products/assessments/graduate-inductive-reasoning/,Yes,No,25,Cognitive,Inductive reasoning assessment targeting graduate-level candidates.
Graduate Diagrammatic Reasoning,https://www.shl.com/solutions/products/assessments/graduate-diagrammatic-reasoning/,Yes,No,20,Cognitive,Evaluates logical problem-solving using diagrams and flowcharts.
General Ability Screening,https://www.shl.com/solutions/products/assessments/general-ability-screening/,Yes,No,12,Cognitive,Quick general cognitive ability screen for high-volume hiring.
Numerical Comprehension,https://www.shl.com/solutions/products/assessments/numerical-comprehension/,Yes,No,18,Cognitive,"Tests understanding of tables, graphs, and statistical data."
Verbal Comprehension,https://www.shl.com/solutions/products/assessments/verbal-comprehension/,Yes,No,18,Cognitive,"Assesses vocabulary, grammar, and reading comprehension."
Abstract Reasoning,https://www.shl.com/solutions/products/assessments/abstract-reasoning/,Yes,No,20,Cognitive,Measures fluid intelligence through non-verbal pattern recognition.
Mechanical Comprehension,https://www.shl.com/solutions/products/assessments/mechanical-comprehension/,Yes,No,20,Cognitive,Tests understanding of basic mechanical and physical principles.
Spatial Reasoning,https://www.shl.com/solutions/products/assessments/spatial-reasoning/,Yes,No,20,Cognitive,Evaluates ability to visualise and manipulate shapes in two and three dimensions.
Critical Reasoning Test Battery - Verbal,https://www.shl.com/solutions/products/assessments/critical-reasoning-test-battery-verbal/,Yes,No,30,Cognitive,Advanced verbal critical reasoning for managerial and professional roles.
Critical Reasoning Test Battery - Numerical,https://www.shl.com/solutions/products/assessments/critical-reasoning-test-battery-numerical/,Yes,No,25,Cognitive,Advanced numerical critical reasoning for managerial and professional roles.
Critical Reasoning Test Battery - Diagrammatic,https://www.shl.com/solutions/products/assessments/critical-reasoning-test-battery-diagrammatic/,Yes,No,20,Cognitive,Diagrammatic series testing logical reasoning with abstract shapes.
Work Skills Series - Verbal,https://www.shl.com/solutions/products/assessments/work-skills-series-verbal/,Yes,No,12,Cognitive,Entry-level verbal skills screening for operational roles.
Work Skills Series - Numerical,https://www.shl.com/solutions/products/assessments/work-skills-series-numerical/,Yes,No,12,Cognitive,Entry-level numerical skills screening for operational roles.
Work Skills Series - Checking,https://www.shl.com/solutions/products/assessments/work-skills-series-checking/,Yes,No,8,Cognitive,Entry-level checking speed and accuracy for administrative roles.
Information Processing Speed,https://www.shl.com/solutions/products/assessments/information-processing-speed/,Yes,No,5,Cognitive,Rapid information processing and comparison task.
Calculation Ability,https://www.shl.com/solutions/products/assessments/calculation-ability/,Yes,No,10,Cognitive,Basic arithmetic computation test for clerical and operational roles.
Error Checking,https://www.shl.com/solutions/products/assessments/error-checking/,Yes,No,8,Cognitive,Tests ability to detect errors in data entry and record keeping.
Data Interpretation,https://www.shl.com/solutions/products/assessments/data-interpretation/,Yes,No,18,Cognitive,Assesses ability to interpret and draw conclusions from complex data sets.
Logical Analysis,https://www.shl.com/solutions/products/assessments/logical-analysis/,Yes,No,15,Cognitive,Evaluates deductive logic and syllogistic reasoning.
Perceptual Speed,https://www.shl.com/solutions/products/assessments/perceptual-speed/,Yes,No,7,Cognitive,Measures speed and accuracy in comparing and classifying visual information.
Concentration Test,https://www.shl.com/solutions/products/assessments/concentration-test/,Yes,No,10,Cognitive,Sustained attention and accuracy test for detail-oriented roles.
Number Series,https://www.shl.com/solutions/products/assessments/number-series/,Yes,No,12,Cognitive,Identifies patterns in numerical sequences to test quantitative reasoning.
Figure Classification,https://www.shl.com/solutions/products/assessments/figure-classification/,Yes,No,15,Cognitive,Categorises abstract figures to measure non-verbal reasoning.
Verify Numerical Reasoning (UK Norms),https://www.shl.com/solutions/products/assessments/verify-numerical-reasoning-uk-norms/,Yes,Yes,17,Cognitive,Numerical reasoning with UK-normed scoring tables.
Verify Verbal Reasoning (UK Norms),https://www.shl.com/solutions/products/assessments/verify-verbal-reasoning-uk-norms/,Yes,Yes,17,Cognitive,Verbal reasoning with UK-normed scoring tables.
Verify Numerical Reasoning (US Norms),https://www.shl.com/solutions/products/assessments/verify-numerical-reasoning-us-norms/,Yes,Yes,17,Cognitive,Numerical reasoning with US-normed scoring tables.
Verify Verbal Reasoning (US Norms),https://www.shl.com/solutions/products/assessments/verify-verbal-reasoning-us-norms/,Yes,Yes,17,Cognitive,Verbal reasoning with US-normed scoring tables.
Verify Numerical Reasoning (Global Norms),https://www.shl.com/solutions/products/assessments/verify-numerical-reasoning-global-norms/,Yes,Yes,17,Cognitive,Numerical reasoning with Global-normed scoring tables.
Verify Verbal Reasoning (Global Norms),https://www.shl.com/solutions/products/assessments/verify-verbal-reasoning-global-norms/,Yes,Yes,17,Cognitive,Verbal reasoning with Global-normed scoring tables.
Verify Numerical Reasoning (APAC Norms),https://www.shl.com/solutions/products/assessments/verify-numerical-reasoning-apac-norms/,Yes,Yes,17,Cognitive,Numerical reasoning with APAC-normed scoring tables.
Verify Verbal Reasoning (APAC Norms),https://www.shl.com/solutions/products/assessments/verify-verbal-reasoning-apac-norms/,Yes,Yes,17,Cognitive,Verbal reasoning with APAC-normed scoring tables.
Verify Numerical Reasoning (EMEA Norms),https://www.shl.com/solutions/products/assessments/verify-numerical-reasoning-emea-norms/,Yes,Yes,17,Cognitive,Numerical reasoning with EMEA-normed scoring tables.
Verify Verbal Reasoning (EMEA Norms),https://www.shl.com/solutions/products/assessments/verify-verbal-reasoning-emea-norms/,Yes,Yes,17,Cognitive,Verbal reasoning with EMEA-normed scoring tables.
OPQ32r,https://www.shl.com/solutions/products/assessments/opq32r/,Yes,No,25,Personality,Occupational Personality Questionnaire measuring 32 personality characteristics relevant to work performance.
OPQ Universal Competency Report,https://www.shl.com/solutions/products/assessments/opq-universal-competency-report/,Yes,No,30,Personality,Generates competency-based narrative reports from OPQ32r data.
Motivation Questionnaire (MQ),https://www.shl.com/solutions/products/assessments/motivation-questionnaire-mq/,Yes,No,20,Personality,Assesses motivational drivers at work across 18 dimensions.
Customer Contact Styles Questionnaire (CCSQ),https://www.shl.com/solutions/products/assessments/customer-contact-styles-questionnaire-ccsq/,Yes,No,20,Personality,Personality assessment tailored for customer-facing roles.
Dependability & Safety Instrument (DSI),https://www.shl.com/solutions/products/assessments/dependability-safety-instrument-dsi/,Yes,No,15,Personality,Predicts dependable and safety-conscious workplace behaviour.
Sales Personality Questionnaire,https://www.shl.com/solutions/products/assessments/sales-personality-questionnaire/,Yes,No,20,Personality,Personality assessment for sales effectiveness prediction.
Team Impact Assessment,https://www.shl.com/solutions/products/assessments/team-impact-assessment/,Yes,No,20,Personality,Measures personality factors that influence team dynamics.
Leadership Impact Assessment,https://www.shl.com/solutions/products/assessments/leadership-impact-assessment/,Yes,No,25,Personality,Personality-based prediction of leadership effectiveness.
Risk Assessment Questionnaire,https://www.shl.com/solutions/products/assessments/risk-assessment-questionnaire/,Yes,No,15,Personality,Identifies counterproductive work behaviour indicators.
Emotional Intelligence Questionnaire,https://www.shl.com/solutions/products/assessments/emotional-intelligence-questionnaire/,Yes,No,20,Personality,Self-report measure of trait emotional intelligence at work.
Resilience Questionnaire,https://www.shl.com/solutions/products/assessments/resilience-questionnaire/,Yes,No,12,Personality,"Assesses stress tolerance, adaptability, and recovery capacity."
Innovation Potential Indicator,https://www.shl.com/solutions/products/assessments/innovation-potential-indicator/,Yes,No,15,Personality,Predicts creative thinking and openness to novel approaches.
Cultural Fit Questionnaire,https://www.shl.com/solutions/products/assessments/cultural-fit-questionnaire/,Yes,No,12,Personality,Measures alignment between individual and organisational values.
Integrity Assessment,https://www.shl.com/solutions/products/assessments/integrity-assessment/,Yes,No,15,Personality,Screens for honesty and ethical standards in workplace behaviour.
SOSIE 2nd Generation,https://www.shl.com/solutions/products/assessments/sosie-2nd-generation/,Yes,No,30,Personality,Comprehensive personality and values inventory for recruitment.
Wellbeing Questionnaire,https://www.shl.com/solutions/products/assessments/wellbeing-questionnaire/,Yes,No,10,Personality,Assessment of workplace wellbeing and psychological health indicators.
Work Styles Assessment,https://www.shl.com/solutions/products/assessments/work-styles-assessment/,Yes,No,15,Personality,"Evaluates preferred work patterns, pace, and collaboration styles."
Agile Mindset Indicator,https://www.shl.com/solutions/products/assessments/agile-mindset-indicator/,Yes,No,12,Personality,"Measures adaptability, learning orientation, and change readiness."
Remote Work Readiness Assessment,https://www.shl.com/solutions/products/assessments/remote-work-readiness-assessment/,Yes,No,10,Personality,"Evaluates self-discipline, communication style, and remote work fit."
Graduate Situational Judgement Test,https://www.shl.com/solutions/products/assessments/graduate-situational-judgement-test/,Yes,No,25,Behavioral,Measures workplace judgement for graduate-level candidates.
Management Situational Judgement,https://www.shl.com/solutions/products/assessments/management-situational-judgement/,Yes,No,30,Behavioral,Evaluates managerial decision-making and people-leadership.
Customer Service Situational Judgement,https://www.shl.com/solutions/products/assessments/customer-service-situational-judgement/,Yes,No,20,Behavioral,Tests judgement in customer-facing scenarios.
Leadership Situational Judgement,https://www.shl.com/solutions/products/assessments/leadership-situational-judgement/,Yes,No,30,Behavioral,Scenario-based assessment of strategic leadership decisions.
Teamwork Situational Judgement,https://www.shl.com/solutions/products/assessments/teamwork-situational-judgement/,Yes,No,20,Behavioral,Assesses collaboration and conflict-resolution in team situations.
Safety Situational Judgement,https://www.shl.com/solutions/products/assessments/safety-situational-judgement/,Yes,No,15,Behavioral,Evaluates judgement in workplace-safety critical scenarios.
Supervisory Situational Judgement,https://www.shl.com/solutions/products/assessments/supervisory-situational-judgement/,Yes,No,20,Behavioral,Tests first-line supervisor decision-making skills.
Sales Situational Judgement,https://www.shl.com/solutions/products/assessments/sales-situational-judgement/,Yes,No,20,Behavioral,Evaluates consultative selling and client-management judgement.
Call Center Situational Judgement,https://www.shl.com/solutions/products/assessments/call-center-situational-judgement/,Yes,No,15,Behavioral,Tests call-handling and de-escalation in contact-centre settings.
Entry-Level Situational Judgement,https://www.shl.com/solutions/products/assessments/entry-level-situational-judgement/,Yes,No,15,Behavioral,Scenario-based assessment for school-leaver and apprentice hiring.
Retail Situational Judgement,https://www.shl.com/solutions/products/assessments/retail-situational-judgement/,Yes,No,15,Behavioral,Situational test for retail customer service and operational roles.
Finance Situational Judgement,https://www.shl.com/solutions/products/assessments/finance-situational-judgement/,Yes,No,20,Behavioral,Context-specific SJT for finance and accounting professionals.
IT Help-Desk Situational Judgement,https://www.shl.com/solutions/products/assessments/it-help-desk-situational-judgement/,Yes,No,15,Behavioral,Evaluates prioritisation and communication in IT support scenarios.
Java Programming (Entry Level),https://www.shl.com/solutions/products/assessments/java-programming-entry-level/,Yes,No,20,Knowledge & Skills,"Tests entry-level Java programming proficiency covering syntax, data structures, and problem-solving."
Java Programming (Mid Level),https://www.shl.com/solutions/products/assessments/java-programming-mid-level/,Yes,No,40,Knowledge & Skills,"Tests intermediate Java programming proficiency covering syntax, data structures, and problem-solving."
Java Programming (Senior Level),https://www.shl.com/solutions/products/assessments/java-programming-senior-level/,Yes,No,60,Knowledge & Skills,"Tests advanced Java programming proficiency covering syntax, data structures, and problem-solving."
Python Programming (Entry Level),https://www.shl.com/solutions/products/assessments/python-programming-entry-level/,Yes,No,20,Knowledge & Skills,"Tests entry-level Python programming proficiency covering syntax, data structures, and problem-solving."
Python Programming (Mid Level),https://www.shl.com/solutions/products/assessments/python-programming-mid-level/,Yes,No,40,Knowledge & Skills,"Tests intermediate Python programming proficiency covering syntax, data structures, and problem-solving."
Python Programming (Senior Level),https://www.shl.com/solutions/products/assessments/python-programming-senior-level/,Yes,No,60,Knowledge & Skills,"Tests advanced Python programming proficiency covering syntax, data structures, and problem-solving."
C# Programming (Entry Level),https://www.shl.com/solutions/products/assessments/c-programming-entry-level/,Yes,No,20,Knowledge & Skills,"Tests entry-level C# programming proficiency covering syntax, data structures, and problem-solving."
C# Programming (Mid Level),https://www.shl.com/solutions/products/assessments/c-programming-mid-level/,Yes,No,40,Knowledge & Skills,"Tests intermediate C# programming proficiency covering syntax, data structures, and problem-solving."
C# Programming (Senior Level),https://www.shl.com/solutions/products/assessments/c-programming-senior-level/,Yes,No,60,Knowledge & Skills,"Tests advanced C# programming proficiency covering syntax, data structures, and problem-solving."
C++ Programming (Entry Level),https://www.shl.com/solutions/products/assessments/c-programming-entry-level/,Yes,No,20,Knowledge & Skills,"Tests entry-level C++ programming proficiency covering syntax, data structures, and problem-solving."
C++ Programming (Mid Level),https://www.shl.com/solutions/products/assessments/c-programming-mid-level/,Yes,No,40,Knowledge & Skills,"Tests intermediate C++ programming proficiency covering syntax, data structures, and problem-solving."
C++ Programming (Senior Level),https://www.shl.com/solutions/products/assessments/c-programming-senior-level/,Yes,No,60,Knowledge & Skills,"Tests advanced C++ programming proficiency covering syntax, data structures, and problem-solving."
JavaScript Programming (Entry Level),https://www.shl.com/solutions/products/assessments/javascript-programming-entry-level/,Yes,No,20,Knowledge & Skills,"Tests entry-level JavaScript programming proficiency covering syntax, data structures, and problem-solving."
JavaScript Programming (Mid Level),https://www.shl.com/solutions/products/assessments/javascript-programming-mid-level/,Yes,No,40,Knowledge & Skills,"Tests intermediate JavaScript programming proficiency covering syntax, data structures, and problem-solving."
JavaScript Programming (Senior Level),https://www.shl.com/solutions/products/assessments/javascript-programming-senior-level/,Yes,No,60,Knowledge & Skills,"Tests advanced JavaScript programming proficiency covering syntax, data structures, and problem-solving."
TypeScript Programming (Entry Level),https://www.shl.com/solutions/products/assessments/typescript-programming-entry-level/,Yes,No,20,Knowledge & Skills,"Tests entry-level TypeScript programming proficiency covering syntax, data structures, and problem-solving."
TypeScript Programming (Mid Level),https://www.shl.com/solutions/products/assessments/typescript-programming-mid-level/,Yes,No,40,Knowledge & Skills,"Tests intermediate TypeScript programming proficiency covering syntax, data structures, and problem-solving."
TypeScript Programming (Senior Level),https://www.shl.com/solutions/products/assessments/typescript-programming-senior-level/,Yes,No,60,Knowledge & Skills,"Tests advanced TypeScript programming proficiency covering syntax, data structures, and problem-solving."
Go Programming (Entry Level),https://www.shl.com/solutions/products/assessments/go-programming-entry-level/,Yes,No,20,Knowledge & Skills,"Tests entry-level Go programming proficiency covering syntax, data structures, and problem-solving."
Go Programming (Mid Level),https://www.shl.com/solutions/products/assessments/go-programming-mid-level/,Yes,No,40,Knowledge & Skills,"Tests intermediate Go programming proficiency covering syntax, data structures, and problem-solving."
Go Programming (Senior Level),https://www.shl.com/solutions/products/assessments/go-programming-senior-level/,Yes,No,60,Knowledge & Skills,"Tests advanced Go programming proficiency covering syntax, data structures, and problem-solving."
Ruby Programming (Entry Level),https://www.shl.com/solutions/products/assessments/ruby-programming-entry-level/,Yes,No,20,Knowledge & Skills,"Tests entry-level Ruby programming proficiency covering syntax, data structures, and problem-solving."
Ruby Programming (Mid Level),https://www.shl.com/solutions/products/assessments/ruby-programming-mid-level/,Yes,No,40,Knowledge & Skills,"Tests intermediate Ruby programming proficiency covering syntax, data structures, and problem-solving."
Ruby Programming (Senior Level),https://www.shl.com/solutions/products/assessments/ruby-programming-senior-level/,Yes,No,60,Knowledge & Skills,"Tests advanced Ruby programming proficiency covering syntax, data structures, and problem-solving."
PHP Programming (Entry Level),https://www.shl.com/solutions/products/assessments/php-programming-entry-level/,Yes,No,20,Knowledge & Skills,"Tests entry-level PHP programming proficiency covering syntax, data structures, and problem-solving."
PHP Programming (Mid Level),https://www.shl.com/solutions/products/assessments/php-programming-mid-level/,Yes,No,40,Knowledge & Skills,"Tests intermediate PHP programming proficiency covering syntax, data structures, and problem-solving."
PHP Programming (Senior Level),https://www.shl.com/solutions/products/assessments/php-programming-senior-level/,Yes,No,60,Knowledge & Skills,"Tests advanced PHP programming proficiency covering syntax, data structures, and problem-solving."
Swift Programming (Entry Level),https://www.shl.com/solutions/products/assessments/swift-programming-entry-level/,Yes,No,20,Knowledge & Skills,"Tests entry-level Swift programming proficiency covering syntax, data structures, and problem-solving."
Swift Programming (Mid Level),https://www.shl.com/solutions/products/assessments/swift-programming-mid-level/,Yes,No,40,Knowledge & Skills,"Tests intermediate Swift programming proficiency covering syntax, data structures, and problem-solving."
Swift Programming (Senior Level),https://www.shl.com/solutions/products/assessments/swift-programming-senior-level/,Yes,No,60,Knowledge & Skills,"Tests advanced Swift programming proficiency covering syntax, data structures, and problem-solving."
Kotlin Programming (Entry Level),https://www.shl.com/solutions/products/assessments/kotlin-programming-entry-level/,Yes,No,20,Knowledge & Skills,"Tests entry-level Kotlin programming proficiency covering syntax, data structures, and problem-solving."
Kotlin Programming (Mid Level),https://www.shl.com/solutions/products/assessments/kotlin-programming-mid-level/,Yes,No,40,Knowledge & Skills,"Tests intermediate Kotlin programming proficiency covering syntax, data structures, and problem-solving."
Kotlin Programming (Senior Level),https://www.shl.com/solutions/products/assessments/kotlin-programming-senior-level/,Yes,No,60,Knowledge & Skills,"Tests advanced Kotlin programming proficiency covering syntax, data structures, and problem-solving."
Scala Programming (Entry Level),https://www.shl.com/solutions/products/assessments/scala-programming-entry-level/,Yes,No,20,Knowledge & Skills,"Tests entry-level Scala programming proficiency covering syntax, data structures, and problem-solving."
Scala Programming (Mid Level),https://www.shl.com/solutions/products/assessments/scala-programming-mid-level/,Yes,No,40,Knowledge & Skills,"Tests intermediate Scala programming proficiency covering syntax, data structures, and problem-solving."
Scala Programming (Senior Level),https://www.shl.com/solutions/products/assessments/scala-programming-senior-level/,Yes,No,60,Knowledge & Skills,"Tests advanced Scala programming proficiency covering syntax, data structures, and problem-solving."
Rust Programming (Entry Level),https://www.shl.com/solutions/products/assessments/rust-programming-entry-level/,Yes,No,20,Knowledge & Skills,"Tests entry-level Rust programming proficiency covering syntax, data structures, and problem-solving."
Rust Programming (Mid Level),https://www.shl.com/solutions/products/assessments/rust-programming-mid-level/,Yes,No,40,Knowledge & Skills,"Tests intermediate Rust programming proficiency covering syntax, data structures, and problem-solving."
Rust Programming (Senior Level),https://www.shl.com/solutions/products/assessments/rust-programming-senior-level/,Yes,No,60,Knowledge & Skills,"Tests advanced Rust programming proficiency covering syntax, data structures, and problem-solving."
R Programming (Entry Level),https://www.shl.com/solutions/products/assessments/r-programming-entry-level/,Yes,No,20,Knowledge & Skills,"Tests entry-level R programming proficiency covering syntax, data structures, and problem-solving."
R Programming (Mid Level),https://www.shl.com/solutions/products/assessments/r-programming-mid-level/,Yes,No,40,Knowledge & Skills,"Tests intermediate R programming proficiency covering syntax, data structures, and problem-solving."
R Programming (Senior Level),https://www.shl.com/solutions/products/assessments/r-programming-senior-level/,Yes,No,60,Knowledge & Skills,"Tests advanced R programming proficiency covering syntax, data structures, and problem-solving."
MATLAB Programming (Entry Level),https://www.shl.com/solutions/products/assessments/matlab-programming-entry-level/,Yes,No,20,Knowledge & Skills,"Tests entry-level MATLAB programming proficiency covering syntax, data structures, and problem-solving."
MATLAB Programming (Mid Level),https://www.shl.com/solutions/products/assessments/matlab-programming-mid-level/,Yes,No,40,Knowledge & Skills,"Tests intermediate MATLAB programming proficiency covering syntax, data structures, and problem-solving."
MATLAB Programming (Senior Level),https://www.shl.com/solutions/products/assessments/matlab-programming-senior-level/,Yes,No,60,Knowledge & Skills,"Tests advanced MATLAB programming proficiency covering syntax, data structures, and problem-solving."
Perl Programming (Entry Level),https://www.shl.com/solutions/products/assessments/perl-programming-entry-level/,Yes,No,20,Knowledge & Skills,"Tests entry-level Perl programming proficiency covering syntax, data structures, and problem-solving."
Perl Programming (Mid Level),https://www.shl.com/solutions/products/assessments/perl-programming-mid-level/,Yes,No,40,Knowledge & Skills,"Tests intermediate Perl programming proficiency covering syntax, data structures, and problem-solving."
Perl Programming (Senior Level),https://www.shl.com/solutions/products/assessments/perl-programming-senior-level/,Yes,No,60,Knowledge & Skills,"Tests advanced Perl programming proficiency covering syntax, data structures, and problem-solving."
Objective-C Programming (Entry Level),https://www.shl.com/solutions/products/assessments/objective-c-programming-entry-level/,Yes,No,20,Knowledge & Skills,"Tests entry-level Objective-C programming proficiency covering syntax, data structures, and problem-solving."
Objective-C Programming (Mid Level),https://www.shl.com/solutions/products/assessments/objective-c-programming-mid-level/,Yes,No,40,Knowledge & Skills,"Tests intermediate Objective-C programming proficiency covering syntax, data structures, and problem-solving."
Objective-C Programming (Senior Level),https://www.shl.com/solutions/products/assessments/objective-c-programming-senior-level/,Yes,No,60,Knowledge & Skills,"Tests advanced Objective-C programming proficiency covering syntax, data structures, and problem-solving."
Dart Programming (Entry Level),https://www.shl.com/solutions/products/assessments/dart-programming-entry-level/,Yes,No,20,Knowledge & Skills,"Tests entry-level Dart programming proficiency covering syntax, data structures, and problem-solving."
Dart Programming (Mid Level),https://www.shl.com/solutions/products/assessments/dart-programming-mid-level/,Yes,No,40,Knowledge & Skills,"Tests intermediate Dart programming proficiency covering syntax, data structures, and problem-solving."
Dart Programming (Senior Level),https://www.shl.com/solutions/products/assessments/dart-programming-senior-level/,Yes,No,60,Knowledge & Skills,"Tests advanced Dart programming proficiency covering syntax, data structures, and problem-solving."
Lua Programming (Entry Level),https://www.shl.com/solutions/products/assessments/lua-programming-entry-level/,Yes,No,20,Knowledge & Skills,"Tests entry-level Lua programming proficiency covering syntax, data structures, and problem-solving."
Lua Programming (Mid Level),https://www.shl.com/solutions/products/assessments/lua-programming-mid-level/,Yes,No,40,Knowledge & Skills,"Tests intermediate Lua programming proficiency covering syntax, data structures, and problem-solving."
Lua Programming (Senior Level),https://www.shl.com/solutions/products/assessments/lua-programming-senior-level/,Yes,No,60,Knowledge & Skills,"Tests advanced Lua programming proficiency covering syntax, data structures, and problem-solving."
SQL Proficiency Test,https://www.shl.com/solutions/products/assessments/sql-proficiency-test/,Yes,No,30,Knowledge & Skills,"Assesses query writing, data manipulation, and database design skills in SQL."
PostgreSQL Proficiency Test,https://www.shl.com/solutions/products/assessments/postgresql-proficiency-test/,Yes,No,30,Knowledge & Skills,"Assesses query writing, data manipulation, and database design skills in PostgreSQL."
MySQL Proficiency Test,https://www.shl.com/solutions/products/assessments/mysql-proficiency-test/,Yes,No,30,Knowledge & Skills,"Assesses query writing, data manipulation, and database design skills in MySQL."
MongoDB Proficiency Test,https://www.shl.com/solutions/products/assessments/mongodb-proficiency-test/,Yes,No,30,Knowledge & Skills,"Assesses query writing, data manipulation, and database design skills in MongoDB."
Oracle SQL Proficiency Test,https://www.shl.com/solutions/products/assessments/oracle-sql-proficiency-test/,Yes,No,30,Knowledge & Skills,"Assesses query writing, data manipulation, and database design skills in Oracle SQL."
AWS Solutions Architect Assessment,https://www.shl.com/solutions/products/assessments/aws-solutions-architect-assessment/,Yes,No,40,Knowledge & Skills,Validates practical knowledge and skills in AWS Solutions Architect.
AWS Developer Assessment,https://www.shl.com/solutions/products/assessments/aws-developer-assessment/,Yes,No,40,Knowledge & Skills,Validates practical knowledge and skills in AWS Developer.
Azure Fundamentals Assessment,https://www.shl.com/solutions/products/assessments/azure-fundamentals-assessment/,Yes,No,40,Knowledge & Skills,Validates practical knowledge and skills in Azure Fundamentals.
Azure Administrator Assessment,https://www.shl.com/solutions/products/assessments/azure-administrator-assessment/,Yes,No,40,Knowledge & Skills,Validates practical knowledge and skills in Azure Administrator.
Google Cloud Platform Assessment,https://www.shl.com/solutions/products/assessments/google-cloud-platform-assessment/,Yes,No,40,Knowledge & Skills,Validates practical knowledge and skills in Google Cloud Platform.
Docker & Containers Assessment,https://www.shl.com/solutions/products/assessments/docker-containers-assessment/,Yes,No,40,Knowledge & Skills,Validates practical knowledge and skills in Docker & Containers.
Kubernetes Administration Assessment,https://www.shl.com/solutions/products/assessments/kubernetes-administration-assessment/,Yes,No,40,Knowledge & Skills,Validates practical knowledge and skills in Kubernetes Administration.
Terraform IaC Assessment,https://www.shl.com/solutions/products/assessments/terraform-iac-assessment/,Yes,No,40,Knowledge & Skills,Validates practical knowledge and skills in Terraform IaC.
CI/CD Pipeline Design Assessment,https://www.shl.com/solutions/products/assessments/ci-cd-pipeline-design-assessment/,Yes,No,40,Knowledge & Skills,Validates practical knowledge and skills in CI/CD Pipeline Design.
Linux System Administration Assessment,https://www.shl.com/solutions/products/assessments/linux-system-administration-assessment/,Yes,No,40,Knowledge & Skills,Validates practical knowledge and skills in Linux System Administration.
Ansible Automation Assessment,https://www.shl.com/solutions/products/assessments/ansible-automation-assessment/,Yes,No,40,Knowledge & Skills,Validates practical knowledge and skills in Ansible Automation.
Tableau Skills Test,https://www.shl.com/solutions/products/assessments/tableau-skills-test/,Yes,No,30,Knowledge & Skills,Tests proficiency with Tableau for business analytics and reporting.
Power BI Skills Test,https://www.shl.com/solutions/products/assessments/power-bi-skills-test/,Yes,No,30,Knowledge & Skills,Tests proficiency with Power BI for business analytics and reporting.
Excel Advanced Skills Test,https://www.shl.com/solutions/products/assessments/excel-advanced-skills-test/,Yes,No,30,Knowledge & Skills,Tests proficiency with Excel Advanced for business analytics and reporting.
SPSS Statistics Skills Test,https://www.shl.com/solutions/products/assessments/spss-statistics-skills-test/,Yes,No,30,Knowledge & Skills,Tests proficiency with SPSS Statistics for business analytics and reporting.
SAS Analytics Skills Test,https://www.shl.com/solutions/products/assessments/sas-analytics-skills-test/,Yes,No,30,Knowledge & Skills,Tests proficiency with SAS Analytics for business analytics and reporting.
Google Analytics Skills Test,https://www.shl.com/solutions/products/assessments/google-analytics-skills-test/,Yes,No,30,Knowledge & Skills,Tests proficiency with Google Analytics for business analytics and reporting.
Looker Skills Test,https://www.shl.com/solutions/products/assessments/looker-skills-test/,Yes,No,30,Knowledge & Skills,Tests proficiency with Looker for business analytics and reporting.
Alteryx Skills Test,https://www.shl.com/solutions/products/assessments/alteryx-skills-test/,Yes,No,30,Knowledge & Skills,Tests proficiency with Alteryx for business analytics and reporting.
Data Modelling Skills Test,https://www.shl.com/solutions/products/assessments/data-modelling-skills-test/,Yes,No,30,Knowledge & Skills,Tests proficiency with Data Modelling for business analytics and reporting.
ETL Processes Skills Test,https://www.shl.com/solutions/products/assessments/etl-processes-skills-test/,Yes,No,30,Knowledge & Skills,Tests proficiency with ETL Processes for business analytics and reporting.
Microsoft Word (Basic),https://www.shl.com/solutions/products/assessments/microsoft-word-basic/,Yes,No,15,Knowledge & Skills,Basic-level proficiency test for Microsoft Word.
Microsoft Word (Intermediate),https://www.shl.com/solutions/products/assessments/microsoft-word-intermediate/,Yes,No,25,Knowledge & Skills,Intermediate-level proficiency test for Microsoft Word.
Microsoft Word (Advanced),https://www.shl.com/solutions/products/assessments/microsoft-word-advanced/,Yes,No,35,Knowledge & Skills,Advanced-level proficiency test for Microsoft Word.
Microsoft Excel (Basic),https://www.shl.com/solutions/products/assessments/microsoft-excel-basic/,Yes,No,15,Knowledge & Skills,Basic-level proficiency test for Microsoft Excel.
Microsoft Excel (Intermediate),https://www.shl.com/solutions/products/assessments/microsoft-excel-intermediate/,Yes,No,25,Knowledge & Skills,Intermediate-level proficiency test for Microsoft Excel.
Microsoft Excel (Advanced),https://www.shl.com/solutions/products/assessments/microsoft-excel-advanced/,Yes,No,35,Knowledge & Skills,Advanced-level proficiency test for Microsoft Excel.
Microsoft PowerPoint (Basic),https://www.shl.com/solutions/products/assessments/microsoft-powerpoint-basic/,Yes,No,15,Knowledge & Skills,Basic-level proficiency test for Microsoft PowerPoint.
Microsoft PowerPoint (Intermediate),https://www.shl.com/solutions/products/assessments/microsoft-powerpoint-intermediate/,Yes,No,25,Knowledge & Skills,Intermediate-level proficiency test for Microsoft PowerPoint.
Microsoft PowerPoint (Advanced),https://www.shl.com/solutions/products/assessments/microsoft-powerpoint-advanced/,Yes,No,35,Knowledge & Skills,Advanced-level proficiency test for Microsoft PowerPoint.
Microsoft Outlook (Basic),https://www.shl.com/solutions/products/assessments/microsoft-outlook-basic/,Yes,No,15,Knowledge & Skills,Basic-level proficiency test for Microsoft Outlook.
Microsoft Outlook (Intermediate),https://www.shl.com/solutions/products/assessments/microsoft-outlook-intermediate/,Yes,No,25,Knowledge & Skills,Intermediate-level proficiency test for Microsoft Outlook.
Microsoft Outlook (Advanced),https://www.shl.com/solutions/products/assessments/microsoft-outlook-advanced/,Yes,No,35,Knowledge & Skills,Advanced-level proficiency test for Microsoft Outlook.
Microsoft Access (Basic),https://www.shl.com/solutions/products/assessments/microsoft-access-basic/,Yes,No,15,Knowledge & Skills,Basic-level proficiency test for Microsoft Access.
Microsoft Access (Intermediate),https://www.shl.com/solutions/products/assessments/microsoft-access-intermediate/,Yes,No,25,Knowledge & Skills,Intermediate-level proficiency test for Microsoft Access.
Microsoft Access (Advanced),https://www.shl.com/solutions/products/assessments/microsoft-access-advanced/,Yes,No,35,Knowledge & Skills,Advanced-level proficiency test for Microsoft Access.
React Developer Assessment,https://www.shl.com/solutions/products/assessments/react-developer-assessment/,Yes,No,40,Knowledge & Skills,Evaluates practical development skills with React framework.
Angular Developer Assessment,https://www.shl.com/solutions/products/assessments/angular-developer-assessment/,Yes,No,40,Knowledge & Skills,Evaluates practical development skills with Angular framework.
Vue.js Developer Assessment,https://www.shl.com/solutions/products/assessments/vue-js-developer-assessment/,Yes,No,40,Knowledge & Skills,Evaluates practical development skills with Vue.js framework.
Node.js Developer Assessment,https://www.shl.com/solutions/products/assessments/node-js-developer-assessment/,Yes,No,40,Knowledge & Skills,Evaluates practical development skills with Node.js framework.
Django Developer Assessment,https://www.shl.com/solutions/products/assessments/django-developer-assessment/,Yes,No,40,Knowledge & Skills,Evaluates practical development skills with Django framework.
Spring Boot Developer Assessment,https://www.shl.com/solutions/products/assessments/spring-boot-developer-assessment/,Yes,No,40,Knowledge & Skills,Evaluates practical development skills with Spring Boot framework.
ASP.NET Developer Assessment,https://www.shl.com/solutions/products/assessments/asp-net-developer-assessment/,Yes,No,40,Knowledge & Skills,Evaluates practical development skills with ASP.NET framework.
Ruby on Rails Developer Assessment,https://www.shl.com/solutions/products/assessments/ruby-on-rails-developer-assessment/,Yes,No,40,Knowledge & Skills,Evaluates practical development skills with Ruby on Rails framework.
Laravel Developer Assessment,https://www.shl.com/solutions/products/assessments/laravel-developer-assessment/,Yes,No,40,Knowledge & Skills,Evaluates practical development skills with Laravel framework.
Flask Developer Assessment,https://www.shl.com/solutions/products/assessments/flask-developer-assessment/,Yes,No,40,Knowledge & Skills,Evaluates practical development skills with Flask framework.
Machine Learning Fundamentals Assessment,https://www.shl.com/solutions/products/assessments/machine-learning-fundamentals-assessment/,Yes,No,45,Knowledge & Skills,Tests theoretical understanding and applied skills in Machine Learning Fundamentals.
Deep Learning & Neural Networks Assessment,https://www.shl.com/solutions/products/assessments/deep-learning-neural-networks-assessment/,Yes,No,45,Knowledge & Skills,Tests theoretical understanding and applied skills in Deep Learning & Neural Networks.
Natural Language Processing Assessment,https://www.shl.com/solutions/products/assessments/natural-language-processing-assessment/,Yes,No,45,Knowledge & Skills,Tests theoretical understanding and applied skills in Natural Language Processing.
Computer Vision Assessment,https://www.shl.com/solutions/products/assessments/computer-vision-assessment/,Yes,No,45,Knowledge & Skills,Tests theoretical understanding and applied skills in Computer Vision.
Statistical Analysis Assessment,https://www.shl.com/solutions/products/assessments/statistical-analysis-assessment/,Yes,No,45,Knowledge & Skills,Tests theoretical understanding and applied skills in Statistical Analysis.
Feature Engineering Assessment,https://www.shl.com/solutions/products/assessments/feature-engineering-assessment/,Yes,No,45,Knowledge & Skills,Tests theoretical understanding and applied skills in Feature Engineering.
Model Deployment & MLOps Assessment,https://www.shl.com/solutions/products/assessments/model-deployment-mlops-assessment/,Yes,No,45,Knowledge & Skills,Tests theoretical understanding and applied skills in Model Deployment & MLOps.
A/B Testing & Experimentation Assessment,https://www.shl.com/solutions/products/assessments/a-b-testing-experimentation-assessment/,Yes,No,45,Knowledge & Skills,Tests theoretical understanding and applied skills in A/B Testing & Experimentation.
Cybersecurity Fundamentals Test,https://www.shl.com/solutions/products/assessments/cybersecurity-fundamentals-test/,Yes,No,35,Knowledge & Skills,Assesses knowledge and practical skills in Cybersecurity Fundamentals.
Network Security Test,https://www.shl.com/solutions/products/assessments/network-security-test/,Yes,No,35,Knowledge & Skills,Assesses knowledge and practical skills in Network Security.
Application Security Test,https://www.shl.com/solutions/products/assessments/application-security-test/,Yes,No,35,Knowledge & Skills,Assesses knowledge and practical skills in Application Security.
Penetration Testing Test,https://www.shl.com/solutions/products/assessments/penetration-testing-test/,Yes,No,35,Knowledge & Skills,Assesses knowledge and practical skills in Penetration Testing.
Cloud Security Test,https://www.shl.com/solutions/products/assessments/cloud-security-test/,Yes,No,35,Knowledge & Skills,Assesses knowledge and practical skills in Cloud Security.
OWASP Top 10 Test,https://www.shl.com/solutions/products/assessments/owasp-top-10-test/,Yes,No,35,Knowledge & Skills,Assesses knowledge and practical skills in OWASP Top 10.
Incident Response Test,https://www.shl.com/solutions/products/assessments/incident-response-test/,Yes,No,35,Knowledge & Skills,Assesses knowledge and practical skills in Incident Response.
Security Compliance Test,https://www.shl.com/solutions/products/assessments/security-compliance-test/,Yes,No,35,Knowledge & Skills,Assesses knowledge and practical skills in Security Compliance.
Typing Speed & Accuracy Test,https://www.shl.com/solutions/products/assessments/typing-speed-accuracy-test/,Yes,No,10,Knowledge & Skills,Measures typing speed (WPM) and error rate.
Data Entry Accuracy Test,https://www.shl.com/solutions/products/assessments/data-entry-accuracy-test/,Yes,No,10,Knowledge & Skills,Evaluates speed and precision in alpha-numeric data entry.
10-Key Numeric Keypad Test,https://www.shl.com/solutions/products/assessments/10-key-numeric-keypad-test/,Yes,No,8,Knowledge & Skills,Tests proficiency and speed with the numeric keypad.
Inbox Simulation - Manager,https://www.shl.com/solutions/products/assessments/inbox-simulation-manager/,Yes,No,30,Simulation,Role-play simulation managing an executive email inbox under time pressure.
Inbox Simulation - Graduate,https://www.shl.com/solutions/products/assessments/inbox-simulation-graduate/,Yes,No,25,Simulation,Entry-level inbox exercise testing prioritisation and communication.
Analysis Exercise,https://www.shl.com/solutions/products/assessments/analysis-exercise/,Yes,No,35,Simulation,Data analysis and report-writing simulation with business scenario.
Presentation Exercise,https://www.shl.com/solutions/products/assessments/presentation-exercise/,Yes,No,20,Simulation,Prepare and deliver a presentation on a business case topic.
Case Study Simulation,https://www.shl.com/solutions/products/assessments/case-study-simulation/,Yes,No,40,Simulation,Comprehensive case analysis requiring strategic recommendations.
Group Discussion Exercise,https://www.shl.com/solutions/products/assessments/group-discussion-exercise/,Yes,No,30,Simulation,Observed group discussion testing collaboration and influence.
Role Play - Customer Complaint,https://www.shl.com/solutions/products/assessments/role-play-customer-complaint/,Yes,No,15,Simulation,Simulated customer interaction resolving a service complaint.
Role Play - Coaching Conversation,https://www.shl.com/solutions/products/assessments/role-play-coaching-conversation/,Yes,No,15,Simulation,Simulated coaching discussion with a direct report.
Planning & Scheduling Exercise,https://www.shl.com/solutions/products/assessments/planning-scheduling-exercise/,Yes,No,25,Simulation,Logistical planning simulation under resource constraints.
Fact-Finding Exercise,https://www.shl.com/solutions/products/assessments/fact-finding-exercise/,Yes,No,20,Simulation,Information-gathering simulation requiring structured questioning.
Written Report Exercise,https://www.shl.com/solutions/products/assessments/written-report-exercise/,Yes,No,30,Simulation,Produces a written analysis from a supplied data pack.
Budget Allocation Exercise,https://www.shl.com/solutions/products/assessments/budget-allocation-exercise/,Yes,No,25,Simulation,Financial planning exercise with competing priorities.
Crisis Management Simulation,https://www.shl.com/solutions/products/assessments/crisis-management-simulation/,Yes,No,30,Simulation,Scenario-based exercise managing an unfolding crisis.
Virtual Assessment Centre - Manager,https://www.shl.com/solutions/products/assessments/virtual-assessment-centre-manager/,Yes,No,60,Simulation,Multi-exercise virtual AC for managerial selection.
Virtual Assessment Centre - Graduate,https://www.shl.com/solutions/products/assessments/virtual-assessment-centre-graduate/,Yes,No,45,Simulation,Multi-exercise virtual AC for graduate schemes.
Negotiation Simulation,https://www.shl.com/solutions/products/assessments/negotiation-simulation/,Yes,No,20,Simulation,Interactive negotiation exercise testing persuasion and compromise.
Customer Contact Simulation,https://www.shl.com/solutions/products/assessments/customer-contact-simulation/,Yes,No,15,Simulation,Simulated live-chat customer-service interaction.
Project Prioritisation Exercise,https://www.shl.com/solutions/products/assessments/project-prioritisation-exercise/,Yes,No,25,Simulation,Multiple-project triage simulation under time constraints.
In-Tray Exercise (Proctored),https://www.shl.com/solutions/products/assessments/in-tray-exercise-proctored/,No,No,40,Simulation,Paper-based in-tray exercise under exam conditions.
Competency-Based Interview Simulation,https://www.shl.com/solutions/products/assessments/competency-based-interview-simulation/,No,No,30,Simulation,Structured interview simulation with live assessor.
Biodata Questionnaire - Graduate,https://www.shl.com/solutions/products/assessments/biodata-questionnaire-graduate/,Yes,No,15,Biodata & Interview,Biographical data questionnaire predicting graduate job success.
Biodata Questionnaire - Sales,https://www.shl.com/solutions/products/assessments/biodata-questionnaire-sales/,Yes,No,15,Biodata & Interview,Biodata instrument validated for sales performance prediction.
Biodata Questionnaire - Customer Service,https://www.shl.com/solutions/products/assessments/biodata-questionnaire-customer-service/,Yes,No,12,Biodata & Interview,Biographical questionnaire for contact-centre hiring.
Structured Interview Guide - Manager,https://www.shl.com/solutions/products/assessments/structured-interview-guide-manager/,Yes,No,0,Biodata & Interview,Competency-based interview question bank for managerial roles.
Structured Interview Guide - Technical,https://www.shl.com/solutions/products/assessments/structured-interview-guide-technical/,Yes,No,0,Biodata & Interview,Technical interview framework with scoring rubrics.
Structured Interview Guide - Graduate,https://www.shl.com/solutions/products/assessments/structured-interview-guide-graduate/,Yes,No,0,Biodata & Interview,Competency interview framework for graduate recruitment.
Video Interview Scoring Framework,https://www.shl.com/solutions/products/assessments/video-interview-scoring-framework/,Yes,No,0,Biodata & Interview,Standardised scoring for asynchronous video interviews.
Universal Competency Framework Assessment,https://www.shl.com/solutions/products/assessments/universal-competency-framework-assessment/,Yes,No,25,Development & 360,Measures performance against SHL's universal competency model.
360 Feedback - Leadership,https://www.shl.com/solutions/products/assessments/360-feedback-leadership/,Yes,No,0,Development & 360,Multi-rater leadership feedback covering 12 competency areas.
360 Feedback - Manager,https://www.shl.com/solutions/products/assessments/360-feedback-manager/,Yes,No,0,Development & 360,Multi-rater feedback instrument for first and mid-level managers.
360 Feedback - Individual Contributor,https://www.shl.com/solutions/products/assessments/360-feedback-individual-contributor/,Yes,No,0,Development & 360,Multi-rater feedback for non-managerial professionals.
High Potential Identification,https://www.shl.com/solutions/products/assessments/high-potential-identification/,Yes,No,20,Development & 360,Assessment battery identifying high-potential talent.
Succession Planning Assessment,https://www.shl.com/solutions/products/assessments/succession-planning-assessment/,Yes,No,25,Development & 360,Evaluates readiness for next-level leadership roles.
Change Readiness Assessment,https://www.shl.com/solutions/products/assessments/change-readiness-assessment/,Yes,No,15,Development & 360,Measures adaptability and readiness for organisational change.
Learning Agility Assessment,https://www.shl.com/solutions/products/assessments/learning-agility-assessment/,Yes,No,15,Development & 360,Evaluates speed of acquiring new skills and adapting.
Career Development Assessment,https://www.shl.com/solutions/products/assessments/career-development-assessment/,Yes,No,20,Development & 360,"Identifies strengths, development areas, and career interests."
Competency Gap Analysis,https://www.shl.com/solutions/products/assessments/competency-gap-analysis/,Yes,No,25,Development & 360,Maps current competencies against target-role requirements.
Financial Accounting Knowledge,https://www.shl.com/solutions/products/assessments/financial-accounting-knowledge/,Yes,No,30,Job Knowledge,Tests GAAP/IFRS accounting standards and financial statement analysis.
Banking Operations Knowledge,https://www.shl.com/solutions/products/assessments/banking-operations-knowledge/,Yes,No,25,Job Knowledge,Validates knowledge of retail and commercial banking processes.
Insurance Domain Knowledge,https://www.shl.com/solutions/products/assessments/insurance-domain-knowledge/,Yes,No,25,Job Knowledge,"Tests understanding of underwriting, claims, and regulatory concepts."
Healthcare Compliance Knowledge,https://www.shl.com/solutions/products/assessments/healthcare-compliance-knowledge/,Yes,No,25,Job Knowledge,"Assesses HIPAA, patient safety, and healthcare regulation knowledge."
Pharmaceutical Knowledge,https://www.shl.com/solutions/products/assessments/pharmaceutical-knowledge/,Yes,No,30,Job Knowledge,"Tests drug development, GMP, and regulatory affairs understanding."
Supply Chain Management Knowledge,https://www.shl.com/solutions/products/assessments/supply-chain-management-knowledge/,Yes,No,25,Job Knowledge,"Evaluates logistics, procurement, and inventory management."
HR & Employment Law Knowledge,https://www.shl.com/solutions/products/assessments/hr-employment-law-knowledge/,Yes,No,25,Job Knowledge,"Tests knowledge of labour law, HR policies, and compliance."
Marketing Fundamentals,https://www.shl.com/solutions/products/assessments/marketing-fundamentals/,Yes,No,20,Job Knowledge,"Assesses marketing strategy, branding, and digital marketing knowledge."
Digital Marketing Assessment,https://www.shl.com/solutions/products/assessments/digital-marketing-assessment/,Yes,No,25,Job Knowledge,"Tests SEO, SEM, social media, and analytics proficiency."
Project Management (PMP/PRINCE2),https://www.shl.com/solutions/products/assessments/project-management-pmp-prince2/,Yes,No,30,Job Knowledge,Validates project management methodology and terminology.
Agile & Scrum Knowledge,https://www.shl.com/solutions/products/assessments/agile-scrum-knowledge/,Yes,No,20,Job Knowledge,"Tests Agile principles, Scrum framework, and Sprint planning."
ITIL Foundations Knowledge,https://www.shl.com/solutions/products/assessments/itil-foundations-knowledge/,Yes,No,25,Job Knowledge,Assesses IT service management concepts and best practices.
Six Sigma Knowledge,https://www.shl.com/solutions/products/assessments/six-sigma-knowledge/,Yes,No,25,Job Knowledge,Tests process improvement methodology and statistical tools.
Lean Manufacturing Knowledge,https://www.shl.com/solutions/products/assessments/lean-manufacturing-knowledge/,Yes,No,20,Job Knowledge,Evaluates lean principles and waste-reduction techniques.
Real Estate Knowledge,https://www.shl.com/solutions/products/assessments/real-estate-knowledge/,Yes,No,25,Job Knowledge,"Tests property valuation, regulations, and market analysis."
Legal Knowledge - Contract Law,https://www.shl.com/solutions/products/assessments/legal-knowledge-contract-law/,Yes,No,30,Job Knowledge,Assesses understanding of contract formation and dispute resolution.
Telecommunications Knowledge,https://www.shl.com/solutions/products/assessments/telecommunications-knowledge/,Yes,No,25,Job Knowledge,"Tests networking protocols, 5G, and telecom infrastructure."
Automotive Engineering Knowledge,https://www.shl.com/solutions/products/assessments/automotive-engineering-knowledge/,Yes,No,30,Job Knowledge,"Evaluates automotive systems, diagnostics, and safety standards."
Environmental Compliance Knowledge,https://www.shl.com/solutions/products/assessments/environmental-compliance-knowledge/,Yes,No,20,Job Knowledge,"Tests environmental regulations, sustainability, and auditing."
Retail Operations Knowledge,https://www.shl.com/solutions/products/assessments/retail-operations-knowledge/,Yes,No,20,Job Knowledge,"Assesses inventory management, POS systems, and merchandising."
English Language Proficiency,https://www.shl.com/solutions/products/assessments/english-language-proficiency/,Yes,No,25,Language,"Standardised proficiency test for English covering reading, writing, and comprehension."
French Language Proficiency,https://www.shl.com/solutions/products/assessments/french-language-proficiency/,Yes,No,25,Language,"Standardised proficiency test for French covering reading, writing, and comprehension."
German Language Proficiency,https://www.shl.com/solutions/products/assessments/german-language-proficiency/,Yes,No,25,Language,"Standardised proficiency test for German covering reading, writing, and comprehension."
Spanish Language Proficiency,https://www.shl.com/solutions/products/assessments/spanish-language-proficiency/,Yes,No,25,Language,"Standardised proficiency test for Spanish covering reading, writing, and comprehension."
Mandarin Language Proficiency,https://www.shl.com/solutions/products/assessments/mandarin-language-proficiency/,Yes,No,25,Language,"Standardised proficiency test for Mandarin covering reading, writing, and comprehension."
Japanese Language Proficiency,https://www.shl.com/solutions/products/assessments/japanese-language-proficiency/,Yes,No,25,Language,"Standardised proficiency test for Japanese covering reading, writing, and comprehension."
Portuguese Language Proficiency,https://www.shl.com/solutions/products/assessments/portuguese-language-proficiency/,Yes,No,25,Language,"Standardised proficiency test for Portuguese covering reading, writing, and comprehension."
Arabic Language Proficiency,https://www.shl.com/solutions/products/assessments/arabic-language-proficiency/,Yes,No,25,Language,"Standardised proficiency test for Arabic covering reading, writing, and comprehension."
Hindi Language Proficiency,https://www.shl.com/solutions/products/assessments/hindi-language-proficiency/,Yes,No,25,Language,"Standardised proficiency test for Hindi covering reading, writing, and comprehension."
Dutch Language Proficiency,https://www.shl.com/solutions/products/assessments/dutch-language-proficiency/,Yes,No,25,Language,"Standardised proficiency test for Dutch covering reading, writing, and comprehension."
Business English Communication,https://www.shl.com/solutions/products/assessments/business-english-communication/,Yes,No,20,Language,"Tests professional English for emails, reports, and presentations."
Technical Writing Assessment,https://www.shl.com/solutions/products/assessments/technical-writing-assessment/,Yes,No,25,Language,Evaluates ability to produce clear technical documentation.
Call Centre English Fluency,https://www.shl.com/solutions/products/assessments/call-centre-english-fluency/,Yes,No,15,Language,Assesses spoken and written English for contact-centre roles.
Adaptive Numerical Reasoning (Graduate),https://www.shl.com/solutions/products/assessments/adaptive-numerical-reasoning-graduate/,Yes,Yes,20,Cognitive,Adaptive numerical reasoning calibrated for graduate difficulty.
Adaptive Verbal Reasoning (Graduate),https://www.shl.com/solutions/products/assessments/adaptive-verbal-reasoning-graduate/,Yes,Yes,20,Cognitive,Adaptive verbal reasoning calibrated for graduate difficulty.
Adaptive Inductive Reasoning (Graduate),https://www.shl.com/solutions/products/assessments/adaptive-inductive-reasoning-graduate/,Yes,Yes,22,Cognitive,Adaptive inductive reasoning calibrated for graduate difficulty.
Adaptive Numerical Reasoning (Professional),https://www.shl.com/solutions/products/assessments/adaptive-numerical-reasoning-professional/,Yes,Yes,20,Cognitive,Adaptive numerical reasoning calibrated for professional difficulty.
Adaptive Verbal Reasoning (Professional),https://www.shl.com/solutions/products/assessments/adaptive-verbal-reasoning-professional/,Yes,Yes,20,Cognitive,Adaptive verbal reasoning calibrated for professional difficulty.
Adaptive Inductive Reasoning (Professional),https://www.shl.com/solutions/products/assessments/adaptive-inductive-reasoning-professional/,Yes,Yes,22,Cognitive,Adaptive inductive reasoning calibrated for professional difficulty.
Adaptive Numerical Reasoning (Executive),https://www.shl.com/solutions/products/assessments/adaptive-numerical-reasoning-executive/,Yes,Yes,20,Cognitive,Adaptive numerical reasoning calibrated for executive difficulty.
Adaptive Verbal Reasoning (Executive),https://www.shl.com/solutions/products/assessments/adaptive-verbal-reasoning-executive/,Yes,Yes,20,Cognitive,Adaptive verbal reasoning calibrated for executive difficulty.
Adaptive Inductive Reasoning (Executive),https://www.shl.com/solutions/products/assessments/adaptive-inductive-reasoning-executive/,Yes,Yes,22,Cognitive,Adaptive inductive reasoning calibrated for executive difficulty.
Visual Perception Test,https://www.shl.com/solutions/products/assessments/visual-perception-test/,Yes,No,12,Cognitive,Measures ability to perceive and compare visual patterns quickly.
Attention to Detail - Numeric,https://www.shl.com/solutions/products/assessments/attention-to-detail-numeric/,Yes,No,10,Cognitive,Tests precision in detecting numeric discrepancies and errors.
Attention to Detail - Verbal,https://www.shl.com/solutions/products/assessments/attention-to-detail-verbal/,Yes,No,10,Cognitive,"Tests precision in detecting spelling, grammar, and terminology errors."
Systems Thinking Assessment,https://www.shl.com/solutions/products/assessments/systems-thinking-assessment/,Yes,No,25,Cognitive,Evaluates ability to understand complex interdependent systems.
Strategic Reasoning Assessment,https://www.shl.com/solutions/products/assessments/strategic-reasoning-assessment/,Yes,No,30,Cognitive,Tests high-level strategic thinking and business acumen.
Quantitative Problem Solving,https://www.shl.com/solutions/products/assessments/quantitative-problem-solving/,Yes,No,25,Cognitive,Complex mathematical and statistical problem-solving tasks.
Manual Testing Fundamentals Assessment,https://www.shl.com/solutions/products/assessments/manual-testing-fundamentals-assessment/,Yes,No,35,Knowledge & Skills,Evaluates proficiency in Manual Testing Fundamentals methodologies and tools.
Selenium Automation Assessment,https://www.shl.com/solutions/products/assessments/selenium-automation-assessment/,Yes,No,35,Knowledge & Skills,Evaluates proficiency in Selenium Automation methodologies and tools.
API Testing (Postman) Assessment,https://www.shl.com/solutions/products/assessments/api-testing-postman-assessment/,Yes,No,35,Knowledge & Skills,Evaluates proficiency in API Testing (Postman) methodologies and tools.
Performance Testing (JMeter) Assessment,https://www.shl.com/solutions/products/assessments/performance-testing-jmeter-assessment/,Yes,No,35,Knowledge & Skills,Evaluates proficiency in Performance Testing (JMeter) methodologies and tools.
Mobile App Testing Assessment,https://www.shl.com/solutions/products/assessments/mobile-app-testing-assessment/,Yes,No,35,Knowledge & Skills,Evaluates proficiency in Mobile App Testing methodologies and tools.
iOS Development (Swift) Assessment,https://www.shl.com/solutions/products/assessments/ios-development-swift-assessment/,Yes,No,40,Knowledge & Skills,Tests practical development skills in iOS Development (Swift).
Android Development (Kotlin) Assessment,https://www.shl.com/solutions/products/assessments/android-development-kotlin-assessment/,Yes,No,40,Knowledge & Skills,Tests practical development skills in Android Development (Kotlin).
React Native Assessment,https://www.shl.com/solutions/products/assessments/react-native-assessment/,Yes,No,40,Knowledge & Skills,Tests practical development skills in React Native.
Flutter Assessment,https://www.shl.com/solutions/products/assessments/flutter-assessment/,Yes,No,40,Knowledge & Skills,Tests practical development skills in Flutter.
Xamarin Assessment,https://www.shl.com/solutions/products/assessments/xamarin-assessment/,Yes,No,40,Knowledge & Skills,Tests practical development skills in Xamarin.
Apache Spark Assessment,https://www.shl.com/solutions/products/assessments/apache-spark-assessment/,Yes,No,40,Knowledge & Skills,Validates knowledge and practical skills in Apache Spark.
Apache Kafka Assessment,https://www.shl.com/solutions/products/assessments/apache-kafka-assessment/,Yes,No,40,Knowledge & Skills,Validates knowledge and practical skills in Apache Kafka.
Hadoop Ecosystem Assessment,https://www.shl.com/solutions/products/assessments/hadoop-ecosystem-assessment/,Yes,No,40,Knowledge & Skills,Validates knowledge and practical skills in Hadoop Ecosystem.
Snowflake Data Warehouse Assessment,https://www.shl.com/solutions/products/assessments/snowflake-data-warehouse-assessment/,Yes,No,40,Knowledge & Skills,Validates knowledge and practical skills in Snowflake Data Warehouse.
dbt (Data Build Tool) Assessment,https://www.shl.com/solutions/products/assessments/dbt-data-build-tool-assessment/,Yes,No,40,Knowledge & Skills,Validates knowledge and practical skills in dbt (Data Build Tool).
Airflow Pipeline Design Assessment,https://www.shl.com/solutions/products/assessments/airflow-pipeline-design-assessment/,Yes,No,40,Knowledge & Skills,Validates knowledge and practical skills in Airflow Pipeline Design.
Cisco Networking (CCNA) Assessment,https://www.shl.com/solutions/products/assessments/cisco-networking-ccna-assessment/,Yes,No,35,Knowledge & Skills,Tests theoretical and applied knowledge in Cisco Networking (CCNA).
Network Troubleshooting Assessment,https://www.shl.com/solutions/products/assessments/network-troubleshooting-assessment/,Yes,No,35,Knowledge & Skills,Tests theoretical and applied knowledge in Network Troubleshooting.
Windows Server Administration Assessment,https://www.shl.com/solutions/products/assessments/windows-server-administration-assessment/,Yes,No,35,Knowledge & Skills,Tests theoretical and applied knowledge in Windows Server Administration.
VMware Virtualisation Assessment,https://www.shl.com/solutions/products/assessments/vmware-virtualisation-assessment/,Yes,No,35,Knowledge & Skills,Tests theoretical and applied knowledge in VMware Virtualisation.
Load Balancing & CDN Assessment,https://www.shl.com/solutions/products/assessments/load-balancing-cdn-assessment/,Yes,No,35,Knowledge & Skills,Tests theoretical and applied knowledge in Load Balancing & CDN.
Figma UI Design Assessment,https://www.shl.com/solutions/products/assessments/figma-ui-design-assessment/,Yes,No,30,Knowledge & Skills,Evaluates proficiency with Figma UI Design.
Adobe Photoshop Assessment,https://www.shl.com/solutions/products/assessments/adobe-photoshop-assessment/,Yes,No,30,Knowledge & Skills,Evaluates proficiency with Adobe Photoshop.
Adobe Illustrator Assessment,https://www.shl.com/solutions/products/assessments/adobe-illustrator-assessment/,Yes,No,30,Knowledge & Skills,Evaluates proficiency with Adobe Illustrator.
UX Research Methods Assessment,https://www.shl.com/solutions/products/assessments/ux-research-methods-assessment/,Yes,No,30,Knowledge & Skills,Evaluates proficiency with UX Research Methods.
Accessibility (WCAG) Compliance Assessment,https://www.shl.com/solutions/products/assessments/accessibility-wcag-compliance-assessment/,Yes,No,30,Knowledge & Skills,Evaluates proficiency with Accessibility (WCAG) Compliance.
Business Requirements Analysis Assessment,https://www.shl.com/solutions/products/assessments/business-requirements-analysis-assessment/,Yes,No,25,Knowledge & Skills,Tests knowledge and application of Business Requirements Analysis.
Process Mapping (BPMN) Assessment,https://www.shl.com/solutions/products/assessments/process-mapping-bpmn-assessment/,Yes,No,25,Knowledge & Skills,Tests knowledge and application of Process Mapping (BPMN).
Stakeholder Management Assessment,https://www.shl.com/solutions/products/assessments/stakeholder-management-assessment/,Yes,No,25,Knowledge & Skills,Tests knowledge and application of Stakeholder Management.
User Story Writing Assessment,https://www.shl.com/solutions/products/assessments/user-story-writing-assessment/,Yes,No,25,Knowledge & Skills,Tests knowledge and application of User Story Writing.
Data Visualisation Best Practices Assessment,https://www.shl.com/solutions/products/assessments/data-visualisation-best-practices-assessment/,Yes,No,25,Knowledge & Skills,Tests knowledge and application of Data Visualisation Best Practices.
Big Five – Conscientiousness Assessment,https://www.shl.com/solutions/products/assessments/big-five-conscientiousness-assessment/,Yes,No,8,Personality,Focused assessment of conscientiousness personality dimension.
Big Five – Extraversion Assessment,https://www.shl.com/solutions/products/assessments/big-five-extraversion-assessment/,Yes,No,8,Personality,Focused assessment of extraversion personality dimension.
Big Five – Agreeableness Assessment,https://www.shl.com/solutions/products/assessments/big-five-agreeableness-assessment/,Yes,No,8,Personality,Focused assessment of agreeableness personality dimension.
Big Five – Openness to Experience Assessment,https://www.shl.com/solutions/products/assessments/big-five-openness-to-experience-assessment/,Yes,No,8,Personality,Focused assessment of openness to experience personality dimension.
Big Five – Emotional Stability Assessment,https://www.shl.com/solutions/products/assessments/big-five-emotional-stability-assessment/,Yes,No,8,Personality,Focused assessment of emotional stability personality dimension.
Conflict Management Style Assessment,https://www.shl.com/solutions/products/assessments/conflict-management-style-assessment/,Yes,No,15,Behavioral,Identifies preferred conflict-handling approach using Thomas-Kilmann model.
Communication Style Inventory,https://www.shl.com/solutions/products/assessments/communication-style-inventory/,Yes,No,12,Behavioral,"Evaluates assertive, analytical, amiable, and expressive communication styles."
Decision-Making Style Assessment,https://www.shl.com/solutions/products/assessments/decision-making-style-assessment/,Yes,No,15,Behavioral,Measures rational vs intuitive decision-making preferences.
Time Management Assessment,https://www.shl.com/solutions/products/assessments/time-management-assessment/,Yes,No,12,Behavioral,"Evaluates planning, prioritisation, and delegation skills."
Stress Management Assessment,https://www.shl.com/solutions/products/assessments/stress-management-assessment/,Yes,No,12,Behavioral,Identifies coping strategies and stress tolerance under pressure.
Ethical Reasoning Assessment,https://www.shl.com/solutions/products/assessments/ethical-reasoning-assessment/,Yes,No,20,Behavioral,Tests moral reasoning and ethical decision-making in workplace scenarios.
Cross-Cultural Competency Assessment,https://www.shl.com/solutions/products/assessments/cross-cultural-competency-assessment/,Yes,No,15,Behavioral,Evaluates cultural awareness and ability to work across diverse teams.
Negotiation Skills Assessment,https://www.shl.com/solutions/products/assessments/negotiation-skills-assessment/,Yes,No,20,Behavioral,"Measures negotiation strategy, persuasion, and deal-closing ability."
Presentation Skills Assessment,https://www.shl.com/solutions/products/assessments/presentation-skills-assessment/,Yes,No,15,Behavioral,"Evaluates clarity, structure, and confidence in delivering presentations."
Energy & Utilities Knowledge,https://www.shl.com/solutions/products/assessments/energy-utilities-knowledge/,Yes,No,25,Job Knowledge,"Tests power generation, distribution, and regulatory knowledge."
Aviation Knowledge,https://www.shl.com/solutions/products/assessments/aviation-knowledge/,Yes,No,25,Job Knowledge,"Evaluates aviation regulations, safety protocols, and operations."
Hospitality Management Knowledge,https://www.shl.com/solutions/products/assessments/hospitality-management-knowledge/,Yes,No,20,Job Knowledge,"Tests hotel operations, guest service, and revenue management."
Education & Training Knowledge,https://www.shl.com/solutions/products/assessments/education-training-knowledge/,Yes,No,20,Job Knowledge,"Assesses pedagogy, curriculum design, and learning theory."
Construction & Civil Engineering,https://www.shl.com/solutions/products/assessments/construction-civil-engineering/,Yes,No,25,Job Knowledge,"Tests building codes, project planning, and structural concepts."
Food Safety & Quality (HACCP),https://www.shl.com/solutions/products/assessments/food-safety-quality-haccp/,Yes,No,20,Job Knowledge,"Validates food safety, HACCP principles, and hygiene standards."
Logistics & Freight Knowledge,https://www.shl.com/solutions/products/assessments/logistics-freight-knowledge/,Yes,No,20,Job Knowledge,"Tests shipping regulations, customs, and supply chain logistics."
Media & Advertising Knowledge,https://www.shl.com/solutions/products/assessments/media-advertising-knowledge/,Yes,No,20,Job Knowledge,"Evaluates media planning, advertising strategy, and campaign measurement."
Public Sector Administration,https://www.shl.com/solutions/products/assessments/public-sector-administration/,Yes,No,25,Job Knowledge,"Tests knowledge of governance, public policy, and administrative procedures."
Nonprofit Management Knowledge,https://www.shl.com/solutions/products/assessments/nonprofit-management-knowledge/,Yes,No,20,Job Knowledge,"Evaluates fundraising, grant management, and stakeholder engagement."
Venture Capital & Private Equity,https://www.shl.com/solutions/products/assessments/venture-capital-private-equity/,Yes,No,30,Job Knowledge,"Tests deal evaluation, term sheets, and portfolio management knowledge."
Management Consulting Knowledge,https://www.shl.com/solutions/products/assessments/management-consulting-knowledge/,Yes,No,25,Job Knowledge,"Assesses problem structuring, hypothesis-driven analysis, and case methodology."
Actuarial Science Knowledge,https://www.shl.com/solutions/products/assessments/actuarial-science-knowledge/,Yes,No,40,Job Knowledge,"Tests probability, risk modelling, and insurance mathematics."
Compliance & Anti-Money Laundering,https://www.shl.com/solutions/products/assessments/compliance-anti-money-laundering/,Yes,No,25,Job Knowledge,"Validates AML, KYC, and financial regulatory compliance."
Data Privacy (GDPR) Knowledge,https://www.shl.com/solutions/products/assessments/data-privacy-gdpr-knowledge/,Yes,No,20,Job Knowledge,"Tests understanding of GDPR principles, rights, and obligations."
Supply Chain Disruption Simulation,https://www.shl.com/solutions/products/assessments/supply-chain-disruption-simulation/,Yes,No,30,Simulation,Scenario-based exercise managing a multi-stage supply chain disruption.
IT Incident Management Simulation,https://www.shl.com/solutions/products/assessments/it-incident-management-simulation/,Yes,No,25,Simulation,"Simulated major IT outage requiring triage, communication, and resolution."
Sales Pitch Simulation,https://www.shl.com/solutions/products/assessments/sales-pitch-simulation/,Yes,No,15,Simulation,Prepare and deliver a sales pitch for a new product.
Merger Integration Simulation,https://www.shl.com/solutions/products/assessments/merger-integration-simulation/,Yes,No,35,Simulation,Strategic simulation of post-acquisition integration planning.
New Market Entry Simulation,https://www.shl.com/solutions/products/assessments/new-market-entry-simulation/,Yes,No,30,Simulation,Develop a market-entry strategy for an unfamiliar geography.
Workforce Planning Simulation,https://www.shl.com/solutions/products/assessments/workforce-planning-simulation/,Yes,No,25,Simulation,Plan headcount allocation under budget and talent constraints.
Regulatory Audit Simulation,https://www.shl.com/solutions/products/assessments/regulatory-audit-simulation/,Yes,No,25,Simulation,Prepare for and respond to a mock regulatory audit.
Product Launch Simulation,https://www.shl.com/solutions/products/assessments/product-launch-simulation/,Yes,No,30,Simulation,End-to-end simulation managing a product launch across teams.
Quality Improvement Simulation,https://www.shl.com/solutions/products/assessments/quality-improvement-simulation/,Yes,No,25,Simulation,Root-cause analysis and improvement planning for quality defects.
Remote Team Coordination Simulation,https://www.shl.com/solutions/products/assessments/remote-team-coordination-simulation/,Yes,No,20,Simulation,Manage a distributed team through a complex deliverable.
Healthcare Situational Judgement,https://www.shl.com/solutions/products/assessments/healthcare-situational-judgement/,Yes,No,20,Behavioral,Scenario-based assessment for clinical and healthcare roles.
Engineering Situational Judgement,https://www.shl.com/solutions/products/assessments/engineering-situational-judgement/,Yes,No,20,Behavioral,Evaluates judgement in engineering project and safety scenarios.
Logistics Situational Judgement,https://www.shl.com/solutions/products/assessments/logistics-situational-judgement/,Yes,No,15,Behavioral,Tests problem-solving in warehouse and distribution situations.
Hospitality Situational Judgement,https://www.shl.com/solutions/products/assessments/hospitality-situational-judgement/,Yes,No,15,Behavioral,Assesses guest-service and operational decision-making.
Education Situational Judgement,https://www.shl.com/solutions/products/assessments/education-situational-judgement/,Yes,No,20,Behavioral,Tests classroom management and student engagement decisions.
Construction Situational Judgement,https://www.shl.com/solutions/products/assessments/construction-situational-judgement/,Yes,No,15,Behavioral,"Evaluates site safety, coordination, and stakeholder decisions."
Legal Professional Situational Judgement,https://www.shl.com/solutions/products/assessments/legal-professional-situational-judgement/,Yes,No,20,Behavioral,Tests ethics and judgement in legal practice contexts.
Consulting Situational Judgement,https://www.shl.com/solutions/products/assessments/consulting-situational-judgement/,Yes,No,20,Behavioral,Scenario-based test for client advisory and engagement management.
Korean Language Proficiency,https://www.shl.com/solutions/products/assessments/korean-language-proficiency/,Yes,No,25,Language,"Standardised proficiency test for Korean covering reading, writing, and comprehension."
Turkish Language Proficiency,https://www.shl.com/solutions/products/assessments/turkish-language-proficiency/,Yes,No,25,Language,"Standardised proficiency test for Turkish covering reading, writing, and comprehension."
Thai Language Proficiency,https://www.shl.com/solutions/products/assessments/thai-language-proficiency/,Yes,No,25,Language,"Standardised proficiency test for Thai covering reading, writing, and comprehension."
Vietnamese Language Proficiency,https://www.shl.com/solutions/products/assessments/vietnamese-language-proficiency/,Yes,No,25,Language,"Standardised proficiency test for Vietnamese covering reading, writing, and comprehension."
Polish Language Proficiency,https://www.shl.com/solutions/products/assessments/polish-language-proficiency/,Yes,No,25,Language,"Standardised proficiency test for Polish covering reading, writing, and comprehension."
Swedish Language Proficiency,https://www.shl.com/solutions/products/assessments/swedish-language-proficiency/,Yes,No,25,Language,"Standardised proficiency test for Swedish covering reading, writing, and comprehension."
Czech Language Proficiency,https://www.shl.com/solutions/products/assessments/czech-language-proficiency/,Yes,No,25,Language,"Standardised proficiency test for Czech covering reading, writing, and comprehension."
Indonesian Language Proficiency,https://www.shl.com/solutions/products/assessments/indonesian-language-proficiency/,Yes,No,25,Language,"Standardised proficiency test for Indonesian covering reading, writing, and comprehension."
Bilingual Proficiency Assessment (EN/ES),https://www.shl.com/solutions/products/assessments/bilingual-proficiency-assessment-en-es/,Yes,No,30,Language,Evaluates bilingual competence in English and Spanish for customer-facing roles.
Bilingual Proficiency Assessment (EN/FR),https://www.shl.com/solutions/products/assessments/bilingual-proficiency-assessment-en-fr/,Yes,No,30,Language,Evaluates bilingual competence in English and French for customer-facing roles.
